polygon_type,n,r,ours_ms,garey_ms,hertel_ms,seidel_ms
convex,1000,0,0.0232716,0.1432262,0.01444,45.7937294
convex,10000,0,0.1839634,1.677276,0.17994759999999999,46.342518399999996
convex,100000,0,1.910368,19.06212,1.63711,111.424282
random,1000,0,,0.2850506,7.653604,43.642708
random,10000,0,,3.094032,1359.9068,57.099446
