polygon_type,n,r,ours_ms,garey_ms,hertel_ms,seidel_ms
convex,100,0,0.00245785,0.07093265,0.00589005,14.0612876
convex,500,0,0.00398325,0.1560785,0.014027,6.94360955
convex,1000,0,0.03082115,0.5215619,0.09509285,12.9170728
convex,2000,0,0.014589350000000001,0.51404015,0.04543555,7.47340995
convex,5000,0,0.0579984,1.75121845,0.200168,13.137955250000001
convex,10000,0,0.17587,5.9501155,0.5381643,24.94634385
